Base Word;Translate (uzbek);Guideword;Level;Part of Speech;Topic;Details;
couch;divan;;A2;;homes and buildings;Details;
million;million;;A2;;;Details;
seventy;yetmish;;A2;;;Details;
zero;nol;NUMBER;A2;;;Details;
and;va;AFTER VERB;A2;;communication;Details;
as;kabi;BECAUSE;A2;;communication;Details;
or;yoki;NOT EITHER;A2;;communication;Details;
so;shuning uchun;SENTENCE BEGINNING;A2;;communication;Details;
before;oldin;EARLIER;A2;;;Details;
eighth;sakkizinchi;;A2;;;Details;
eighty;sakson;;A2;;;Details;
fifth;beshinchi;;A2;;;Details;
fifty;ellik;;A2;;;Details;
forty;qirq;NUMBER;A2;;;Details;
fourth;toĹrtinchi;;A2;;;Details;
hundred;yuz;;A2;;;Details;
if;agar;DEPENDING;A2;;;Details;
ninety;toĹqson;;A2;;;Details;
ninth;toĹqqizinchi;;A2;;;Details;
seventh;yettinchi;;A2;;;Details;
sixth;oltinchi;;A2;;;Details;
sixty;oltmish;;A2;;;Details;
that;oĹsha;INTRODUCE PART;A2;;;Details;
third;uchinchi;;A2;;;Details;
thirty;o'ttiz;;A2;;;Details;
thousand;ming;;A2;;;Details;
to;uchun;REASON;A2;;;Details;
when;qachon;AT WHAT TIME;A2;;;Details;
where;qaerda;POSITION;A2;;;Details;
while;esa;DURING;A2;;;Details;
advertisement;reklama;;A2;noun;arts and media;Details;
exam;imtihon;;A2;noun;education;Details;
graduate;bitiruvchi;;A2;noun;education;Details;
place;joy;HOME;A2;noun;homes and buildings;Details;
guy;yigit;;A2;noun;people: appearance;Details;
kid;bola;;A2;noun;people: appearance;Details;
granddad;buva;;A2;noun;relationships;Details;
grandma;buvi;;A2;noun;relationships;Details;
grandpa;buva;;A2;noun;relationships;Details;
granny;buvi;;A2;noun;relationships;Details;
telephone;telefon;;A2;verb;;Details;
minute;daqiqa;SHORT TIME;A2;noun;;Details;
dancer;raqqosa;;A2;noun;arts and media;Details;
painter;rassom;;A2;noun;arts and media;Details;
player;oĹyinchi;MUSIC;A2;noun;arts and media;Details;
poster;plakat;;A2;noun;arts and media;Details;
sweater;sviter;;A2;noun;clothes;Details;
teenager;oĹsmir;;A2;noun;people: appearance;Details;
beginner;yangi boshlovchi;;A2;noun;people: personality;Details;
customer;mijoz;;A2;noun;shopping;Details;
runner;yuguruvchi;;A2;noun;shopping;Details;
winner;gĹolib;;A2;noun;shopping;Details;
MP3 player;MP3 pleer;;A2;noun;technology;Details;
printer;printer;;A2;noun;technology;Details;
speaker;dinamik;EQUIPMENT;A2;noun;technology;Details;
passenger;yoĹlovchi;;A2;noun;travel;Details;
scooter;skuter;;A2;noun;travel;Details;
cleaner;tozalovchi;PERSON;A2;noun;work;Details;
farmer;dehqon;;A2;noun;work;Details;
manager;menejer;;A2;noun;work;Details;
worker;ishchi;IN COMPANY;A2;noun;work;Details;
painting;rasm;PICTURE;A2;noun;arts and media;Details;
meeting;uchrashuv;;A2;noun;communication;Details;
spelling;imlo;;A2;noun;communication;Details;
writing;yozish;TEXT;A2;noun;communication;Details;
apartment building;koĹp qavatli uy;;A2;noun;homes and buildings;Details;
banking;bank ishi;MONEY MANAGEMENT;A2;noun;money;Details;
walking;yurish;;A2;noun;people: actions;Details;
fishing;baliq ovlash;;A2;noun;shopping;Details;
running;yugurish;SPORT;A2;noun;shopping;Details;
sailing;suzish (kema bilan);;A2;noun;shopping;Details;
camping;lager qilish;;A2;noun;travel;Details;
sightseeing;diqqatga sazovor joylarni tomosha qilish;;A2;noun;travel;Details;
identification;identifikatsiya;DOCUMENT;A2;noun;communication;Details;
information;maĺlumot;;A2;noun;communication;Details;
invitation;taklifnoma;SOCIAL;A2;noun;communication;Details;
examination;imtihon;TEST;A2;noun;education;Details;
competition;musobaqa;EVENT;A2;noun;shopping;Details;
occupation;kasb;JOB;A2;noun;work;Details;
tourist;sayyoh;;A2;noun;travel;Details;
electricity;elektr energiya;;A2;noun;technology;Details;
elevator;lift;;A2;noun;homes and buildings;Details;
visitor;mehmon;;A2;noun;travel;Details;
baby;chaqaloq;ANIMAL;A2;noun;animals;Details;
bear;ayiq;;A2;noun;animals;Details;
chicken;tovuq;BIRD;A2;noun;animals;Details;
dinosaur;dinozavr;;A2;noun;animals;Details;
duck;oĹrdak;;A2;noun;animals;Details;
elephant;fil;;A2;noun;animals;Details;
insect;hasharot;;A2;noun;animals;Details;
lion;sher;;A2;noun;animals;Details;
monkey;maymun;;A2;noun;animals;Details;
mouse;sichqon;ANIMAL;A2;noun;animals;Details;
rabbit;quyon;;A2;noun;animals;Details;
rat;kalamush;;A2;noun;animals;Details;
snake;ilon;;A2;noun;animals;Details;
cartoon;multfilm;FILM;A2;noun;arts and media;Details;
channel;kanal;TV;A2;noun;arts and media;Details;
clown;masxaraboz;;A2;noun;arts and media;Details;
comic;komiks;;A2;noun;arts and media;Details;
concert;kontsert;;A2;noun;arts and media;Details;
dance;raqs;OCCASION;A2;noun;arts and media;Details;
drum;baraban;;A2;noun;arts and media;Details;
instrument;asbob;MUSIC;A2;noun;arts and media;Details;
keyboard;klaviatura;MUSICAL INSTRUMENT;A2;noun;arts and media;Details;
magazine;jurnal;;A2;noun;arts and media;Details;
photograph;surat;;A2;noun;arts and media;Details;
piano;pianino;;A2;noun;arts and media;Details;
play;oĹyin;ACTING;A2;noun;arts and media;Details;
program;dastur;TV/RADIO;A2;noun;arts and media;Details;
show;shou;ENTERTAINMENT;A2;noun;arts and media;Details;
song;qoĹshiq;;A2;noun;arts and media;Details;
stage;sahna;THEATER;A2;noun;arts and media;Details;
star;yulduz;PERFORMER;A2;noun;arts and media;Details;
violin;skripka;;A2;noun;arts and media;Details;
art;sanĺat;PAINTINGS/DRAWINGS, ETC.;A2;noun;arts and media;Details;
hip-hop;xip-xop;;A2;noun;arts and media;Details;
jazz;jaz;;A2;noun;arts and media;Details;
newspaper;gazeta;PAPER;A2;noun;arts and media;Details;
photography;fotografiya;;A2;noun;arts and media;Details;
pop;pop musiqa;;A2;noun;arts and media;Details;
rap;rep musiqa;;A2;noun;arts and media;Details;
rock;rok musiqa;MUSIC;A2;noun;arts and media;Details;
opera;opera;;A2;noun;arts and media;Details;
accident;baxtsiz hodisa;BAD EVENT;A2;noun;body and health;Details;
back;orqa;BODY;A2;noun;body and health;Details;
brain;miya;BODY PART;A2;noun;body and health;Details;
cold;shamollash;ILLNESS;A2;noun;body and health;Details;
finger;barmoq;ON HAND;A2;noun;body and health;Details;
headache;bosh ogĹrigĹi;;A2;noun;body and health;Details;
heart;yurak;ORGAN;A2;noun;body and health;Details;
neck;boĹyin;PART OF BODY;A2;noun;body and health;Details;
stomach;qorin;;A2;noun;body and health;Details;
toe;oyoq barmogĹi;ON FOOT;A2;noun;body and health;Details;
blood;qon;RED LIQUID;A2;noun;body and health;Details;
health;sogĹliq;;A2;noun;body and health;Details;
bandage;bint;;A2;noun;body and health;Details;
birth;tugĹilish;BABY;A2;noun;body and health;Details;
medicine;dori-darmon;SUBSTANCE;A2;noun;body and health;Details;
pain;ogĹriq;PHYSICAL;A2;noun;body and health;Details;
stomachache;qorin ogĹrigĹi;;A2;noun;body and health;Details;
toothache;tish ogĹrigĹi;;A2;noun;body and health;Details;
do;qilish;HEALTHY/HAPPY;A2;verb;body and health;Details;
hurt;jarohat yetkazmoq;BE PAINFUL;A2;verb;body and health;Details;
catch;ushlash;ILLNESS;A2;verb;body and health;Details;
have;ega boĹlish;BABY;A2;verb;body and health;Details;
belt;kamar;CLOTHING;A2;noun;clothes;Details;
bracelet;bilakuzuk;;A2;noun;clothes;Details;
cap;kepka;;A2;noun;clothes;Details;
earring;sirgĹa;;A2;noun;clothes;Details;
glove;qoĹlqop;;A2;noun;clothes;Details;
necklace;marjon;;A2;noun;clothes;Details;
pocket;choĹntak;IN CLOTHING;A2;noun;clothes;Details;
raincoat;yomgĹirpoĹsh;;A2;noun;clothes;Details;
ring;uzuk;JEWELRY;A2;noun;clothes;Details;
scarf;sharf;;A2;noun;clothes;Details;
sneaker;sport oyoq kiyimi;;A2;noun;clothes;Details;
sock;paypoq;;A2;noun;clothes;Details;
suit;kostyum;;A2;noun;clothes;Details;
swimsuit;suzish kiyimi;;A2;noun;clothes;Details;
tie;galstuk;CLOTHES;A2;noun;clothes;Details;
umbrella;soyabon;;A2;noun;clothes;Details;
jewelry;zargarlik buyumlari;;A2;noun;clothes;Details;
shorts;shortik;;A2;noun;clothes;Details;
sunglasses;quyoshdan himoya koĹzoynagi;;A2;noun;clothes;Details;
tights;kalgotka;;A2;noun;clothes;Details;
capital letter;bosh harf;;A2;noun;communication;Details;
card;karta;GREETINGS;A2;noun;communication;Details;
check;chek;MARK;A2;noun;communication;Details;
document;hujjat;OFFICIAL INFORMATION;A2;noun;communication;Details;
envelope;konvert;;A2;noun;communication;Details;
file;fayl;INFORMATION;A2;noun;communication;Details;
form;forma;DOCUMENT;A2;noun;communication;Details;
ID card;shaxsni tasdiqlovchi karta;;A2;noun;communication;Details;
letter;xat;SYMBOL;A2;noun;communication;Details;
license;litsenziya;;A2;noun;communication;Details;
list;roĹyxat;;A2;noun;communication;Details;
notebook;daftar;;A2;noun;communication;Details;
notice;eĺlon;SIGN;A2;noun;communication;Details;
offer;taklif;SAYING YOU WILL DO/GIVE;A2;noun;communication;Details;
postcard;pochta kartasi;;A2;noun;communication;Details;
sign;belgisi, ishorat;NOTICE;A2;noun;communication;Details;
stamp;pochta markasi;;A2;noun;communication;Details;
story;hikoya;DESCRIPTION;A2;noun;communication;Details;
verb;feĺl;;A2;noun;communication;Details;
advice;maslahat;;A2;noun;communication;Details;
grammar;grammatika;;A2;noun;communication;Details;
mail;pochta;LETTERS;A2;noun;communication;Details;
news;yangiliklar;INFORMATION;A2;noun;communication;Details;
chat;suhbat;;A2;noun;communication;Details;
ID;shaxsni tasdiqlovchi hujjat;;A2;noun;communication;Details;
vocabulary;lugĹat;;A2;noun;communication;Details;
directions;yoĹnalishlar;;A2;noun;communication;Details;
answer;javob;DOOR/TELEPHONE;A2;noun;communication;Details;
pray;ibodat qilmoq;TO GOD;A2;verb;communication;Details;
ask;soĹramoq;INVITE;A2;verb;communication;Details;
describe;tasvirlab bermoq;;A2;verb;communication;Details;
discuss;muhokama qilmoq;;A2;verb;communication;Details;
give;bermoq;TELL;A2;verb;communication;Details;
mean;anglatmoq;MEANING;A2;verb;communication;Details;
print;bosmoq (chop etmoq);WRITING/IMAGES;A2;verb;communication;Details;
put;qoĹymoq;WRITE;A2;verb;communication;Details;
thank;rahmat aytmoq;;A2;verb;communication;Details;
agree;rozilik bildirmoq;SAME OPINION;A2;verb;communication;Details;
explain;tushuntirmoq;;A2;verb;communication;Details;
guess;taxmin qilmoq;ANSWER/OPINION;A2;verb;communication;Details;
read;oĹqimoq;SAY;A2;verb;communication;Details;
shout;baqirmoq;;A2;verb;communication;Details;
spell;imlo qilmoq;;A2;verb;communication;Details;
police;militsiya, politsiya;;A2;noun;crime;Details;
centimeter;santimetr;;A2;noun;describing things;Details;
circle;aylana;SHAPE;A2;noun;describing things;Details;
degree;daraja;TEMPERATURE;A2;noun;describing things;Details;
gram;gramm;;A2;noun;describing things;Details;
kilo;kilo;;A2;noun;describing things;Details;
kilogram;kilogramm;;A2;noun;describing things;Details;
kilometer;kilometr;;A2;noun;describing things;Details;
liter;litr;;A2;noun;describing things;Details;
meter;metr;;A2;noun;describing things;Details;
pair;juft;TWO THINGS;A2;noun;describing things;Details;
piece;boĹlak;PART;A2;noun;describing things;Details;
size;oĹlcham;MEASURE;A2;noun;describing things;Details;
square;kvadrat;SHAPE;A2;noun;describing things;Details;
black;qora;;A2;noun;describing things;Details;
cream;krem (rang);COLOR;A2;noun;describing things;Details;
blue;koĹk;;A2;noun;describing things;Details;
brown;jigarrang;;A2;noun;describing things;Details;
gray;kulrang;;A2;noun;describing things;Details;
green;yashil;;A2;noun;describing things;Details;
orange;toĹq sariq;COLOR;A2;noun;describing things;Details;
pink;pushti;;A2;noun;describing things;Details;
purple;binafsha;;A2;noun;describing things;Details;
red;qizil;;A2;noun;describing things;Details;
temperature;harorat;HEAT;A2;noun;describing things;Details;
yellow;sariq;;A2;noun;describing things;Details;
left;chap;LEFT SIDE;A2;noun;describing things;Details;
right;oĹng;DIRECTION;A2;noun;describing things;Details;
blackboard;qora doska;;A2;noun;education;Details;
diploma;diplom;;A2;noun;education;Details;
exercise;mashq;PRACTICE;A2;noun;education;Details;
grade;baho;SCHOOL;A2;noun;education;Details;
mark;belgi;SCORE;A2;noun;education;Details;
project;loyiha;SCHOOL WORK;A2;noun;education;Details;
schedule;jadval;SCHOOL/COLLEGE;A2;noun;education;Details;
schoolchild;oĹquvchi;;A2;noun;education;Details;
semester;semestr;;A2;noun;education;Details;
year;yil;PERIOD OF STUDY;A2;noun;education;Details;
chemistry;kimyo;;A2;noun;education;Details;
gym;sport zali;CLASS;A2;noun;education;Details;
history;tarix;SUBJECT;A2;noun;education;Details;
math;matematika;;A2;noun;education;Details;
physics;fizika;;A2;noun;education;Details;
school;maktab;TIME;A2;noun;education;Details;
science;fan;STUDY OF NATURAL THINGS;A2;noun;education;Details;
college;kollej;;A2;noun;education;Details;
fail;muvaffaqiyatsizlikka uchramoq;EXAM;A2;verb;education;Details;
pass;muvaffaqiyatli oĹtmoq;SUCCEED;A2;verb;education;Details;
bar;bar;DRINKING PLACE;A2;noun;food and drink;Details;
barbecue;barbekyu;PARTY;A2;noun;food and drink;Details;
bottle;shisha, butilka;;A2;noun;food and drink;Details;
bowl;kosa;;A2;noun;food and drink;Details;
burger;burger;;A2;noun;food and drink;Details;
cafeteria;oshxona;;A2;noun;food and drink;Details;
can;konserva bankasi;;A2;noun;food and drink;Details;
cookie;pechenye;FOOD;A2;noun;food and drink;Details;
course;kurs;MEAL;A2;noun;food and drink;Details;
dish;taom, idish;CONTAINER;A2;noun;food and drink;Details;
drink;ichimlik;ALCOHOL;A2;noun;food and drink;Details;
fork;sanchqi;;A2;noun;food and drink;Details;
grape;uzum;;A2;noun;food and drink;Details;
main course;asosiy taom;;A2;noun;food and drink;Details;
menu;menyu;FOOD;A2;noun;food and drink;Details;
mug;krujka;;A2;noun;food and drink;Details;
mushroom;qoĹziqorin;;A2;noun;food and drink;Details;
potato chip;chips;;A2;noun;food and drink;Details;
slice;boĹlak;;A2;noun;food and drink;Details;
snack;yengil tamaddi;;A2;noun;food and drink;Details;
soft drink;gazli ichimlik;;A2;noun;food and drink;Details;
spoon;qoshiq;;A2;noun;food and drink;Details;
stove;pechka;;A2;noun;food and drink;Details;
fast food;tez tayyorlanadigan taom;;A2;noun;food and drink;Details;
garlic;sarimsoq;;A2;noun;food and drink;Details;
ham;choĹchqa goĹshti;;A2;noun;food and drink;Details;
honey;asal;;A2;noun;food and drink;Details;
jam;murabbo;SWEET FOOD;A2;noun;food and drink;Details;
lemonade;limonad;;A2;noun;food and drink;Details;
mineral water;mineral suv;;A2;noun;food and drink;Details;
pasta;makaron;;A2;noun;food and drink;Details;
pepper;qalampir;POWDER;A2;noun;food and drink;Details;
toast;qovurilgan non;BREAD;A2;noun;food and drink;Details;
candy;konfet;;A2;noun;food and drink;Details;
carrot;sabzi;VEGETABLE;A2;noun;food and drink;Details;
cereal;donli yegulik;BREAKFAST FOOD;A2;noun;food and drink;Details;
cola;kola;;A2;noun;food and drink;Details;
curry;karri;;A2;noun;food and drink;Details;
dessert;shirinlik;;A2;noun;food and drink;Details;
lemon;limon;;A2;noun;food and drink;Details;
lunchtime;tushlik vaqti;;A2;noun;food and drink;Details;
mango;mango;;A2;noun;food and drink;Details;
melon;qovun;;A2;noun;food and drink;Details;
oil;yogĹ;FOR COOKING;A2;noun;food and drink;Details;
onion;piyoz;;A2;noun;food and drink;Details;
pear;nok;;A2;noun;food and drink;Details;
salad;salat;;A2;noun;food and drink;Details;
sauce;sous;;A2;noun;food and drink;Details;
sausage;kolbasa;;A2;noun;food and drink;Details;
steak;steyk;;A2;noun;food and drink;Details;
supper;kechki ovqat;;A2;noun;food and drink;Details;
yogurt;qatiq;;A2;noun;food and drink;Details;
sweets;shirinliklar;;A2;noun;food and drink;Details;
bake;pishirmoq;;A2;verb;food and drink;Details;
roast;qovurmoq;;A2;verb;food and drink;Details;
apartment;kvartira;;A2;noun;homes and buildings;Details;
armchair;kreslo;;A2;noun;homes and buildings;Details;
blanket;adyol;FOR BED;A2;noun;homes and buildings;Details;
board;taxta;INFORMATION;A2;noun;homes and buildings;Details;
bookshelf;kitob javoni;;A2;noun;homes and buildings;Details;
cabinet;shkaf;;A2;noun;homes and buildings;Details;
castle;qalĺa;;A2;noun;homes and buildings;Details;
ceiling;shift;ROOM;A2;noun;homes and buildings;Details;
center;markaz;PLACE;A2;noun;homes and buildings;Details;
curtain;pardalar;;A2;noun;homes and buildings;Details;
drawer;tortma;;A2;noun;homes and buildings;Details;
entrance;kirish;DOOR;A2;noun;homes and buildings;Details;
exit;chiqish;WAY OUT;A2;noun;homes and buildings;Details;
floor;pol, qavat;BUILDING;A2;noun;homes and buildings;Details;
garage;garaj;BUILDING;A2;noun;homes and buildings;Details;
gate;darvoza;STRUCTURE;A2;noun;homes and buildings;Details;
hall;zal;BUILDING;A2;noun;homes and buildings;Details;
lamp;lampa;;A2;noun;homes and buildings;Details;
library;kutubxona;;A2;noun;homes and buildings;Details;
light;yorugĹlik;EQUIPMENT;A2;noun;homes and buildings;Details;
mirror;oynak, koĹzguga;;A2;noun;homes and buildings;Details;
office;ofis;MEDICAL;A2;noun;homes and buildings;Details;
pillow;yostiq;FOR BED;A2;noun;homes and buildings;Details;
post office;pochta boĹlimi;;A2;noun;homes and buildings;Details;
restroom;hojatxona;;A2;noun;homes and buildings;Details;
roof;tom;;A2;noun;homes and buildings;Details;
seat;oĹrindiq;SIT;A2;noun;homes and buildings;Details;
shelf;tokcha;;A2;noun;homes and buildings;Details;
sink;rakovina;;A2;noun;homes and buildings;Details;
sofa;divan;;A2;noun;homes and buildings;Details;
towel;sochiq;FOR DRYING;A2;noun;homes and buildings;Details;
washing machine;kir yuvish mashinasi;;A2;noun;homes and buildings;Details;
yard;hovli;AREA;A2;noun;homes and buildings;Details;
furniture;mebel;;A2;noun;homes and buildings;Details;
heat;issiqlik;;A2;noun;homes and buildings;Details;
carpet;gilam;;A2;noun;homes and buildings;Details;
stairs;zina;;A2;noun;homes and buildings;Details;
cent;sent;;A2;noun;money;Details;
euro;yevro;;A2;noun;money;Details;
wallet;hamyon;;A2;noun;money;Details;
cash;naqd pul;NOTES/COINS;A2;noun;money;Details;
borrow;qarz olmoq;GET;A2;verb;money;Details;
change;qaytim;MONEY;A2;verb;money;Details;
rent;ijaraga olmoq;PAY TO USE;A2;verb;money;Details;
area;hudud, maydon;REGION;A2;noun;natural world;Details;
field;maydon, dal?;LAND;A2;noun;natural world;Details;
hill;tepalik;;A2;noun;natural world;Details;
island;orol;;A2;noun;natural world;Details;
lake;koĹl;;A2;noun;natural world;Details;
mountain;togĹ;;A2;noun;natural world;Details;
storm;boĹron;;A2;noun;natural world;Details;
thunderstorm;momaqaldiroq;;A2;noun;natural world;Details;
view;koĹrinish;THINGS YOU SEE;A2;noun;natural world;Details;
air;havo;GAS;A2;noun;natural world;Details;
geography;geografiya;;A2;noun;natural world;Details;
gold;oltin;;A2;noun;natural world;Details;
ice;muz;;A2;noun;natural world;Details;
nature;tabiat;LIFE;A2;noun;natural world;Details;
silver;kumush;;A2;noun;natural world;Details;
sky;osmon;;A2;noun;natural world;Details;
water;suv;OCEAN/LAKE;A2;noun;natural world;Details;
cloud;bulut;WATER;A2;noun;natural world;Details;
desert;choĹl;;A2;noun;natural world;Details;
fall;kuz;TIME OF YEAR;A2;noun;natural world;Details;
fog;tuman;;A2;noun;natural world;Details;
forest;oĹrmon;;A2;noun;natural world;Details;
sea;dengiz;;A2;noun;natural world;Details;
spring;bahor;SEASON;A2;noun;natural world;Details;
woods;oĹrmonzor;GROUP OF TREES;A2;noun;natural world;Details;
ocean;okean;;A2;noun;natural world;Details;
snow;qor;WEATHER;A2;verb;natural world;Details;
grow;oĹsmoq;PLANT;A2;verb;natural world;Details;
kick;tepmoq;HIT;A2;noun;people: actions;Details;
kiss;oĹpmoq;;A2;noun;people: actions;Details;
walk;yurmoq;TRIP;A2;noun;people: actions;Details;
help;yordam bermoq;WHEN SOMEONE HELPS;A2;noun;people: actions;Details;
hiking;togĹ yurishlari;;A2;noun;people: actions;Details;
practice;mashq qilmoq;REPEATING;A2;noun;people: actions;Details;
use;foydalanmoq;USING;A2;noun;people: actions;Details;
jump;sakramoq;INTO AIR;A2;verb;people: actions;Details;
laugh;kulmoq;;A2;verb;people: actions;Details;
lie;yolgĹon gapirmoq;BODY;A2;verb;people: actions;Details;
point;koĹrsatmoq;SHOW;A2;verb;people: actions;Details;
sit;oĹtirmoq;MOVE BODY;A2;verb;people: actions;Details;
stand;turmoq;RISE;A2;verb;people: actions;Details;
add;qoĹshmoq;PUT WITH;A2;verb;people: actions;Details;
bring;olib kelmoq;TAKE WITH YOU;A2;verb;people: actions;Details;
brush;choĹtmamoq;CLEAN/ARRANGE;A2;verb;people: actions;Details;
collect;yigĹmoq;KEEP;A2;verb;people: actions;Details;
complete;tugatmoq;MAKE WHOLE;A2;verb;people: actions;Details;
copy;nusxa koĹchirmoq;PRODUCE;A2;verb;people: actions;Details;
cover;yopmoq;PUT;A2;verb;people: actions;Details;
find;topmoq;DISCOVER UNEXPECTEDLY;A2;verb;people: actions;Details;
get;olmoq;BRING;A2;verb;people: actions;Details;
hear;eshitmoq;LISTEN;A2;verb;people: actions;Details;
hit;urmoq;WITH HAND/OBJECT;A2;verb;people: actions;Details;
hold;ushlamoq;IN HAND;A2;verb;people: actions;Details;
join;qoĹshilmoq;DO TOGETHER;A2;verb;people: actions;Details;
leave;tark etmoq;FORGET;A2;verb;people: actions;Details;
lend;qarz bermoq;GIVE;A2;verb;people: actions;Details;
lose;yoĹqotmoq;NOT FIND;A2;verb;people: actions;Details;
make;yaratmoq, tayyorlamoq;PERFORM;A2;verb;people: actions;Details;
miss;oĹtkazib yubormoq;NOT GO;A2;verb;people: actions;Details;
open;ochmoq;CONTAINER/PACKAGE, ETC.;A2;verb;people: actions;Details;
repair;tuzatmoq;FIX;A2;verb;people: actions;Details;
return;qaytmoq;PUT BACK;A2;verb;people: actions;Details;
spend;sarflamoq;TIME;A2;verb;people: actions;Details;
climb;koĹtarilmoq;PERSON;A2;verb;people: actions;Details;
cross;kesib oĹtmoq;OTHER SIDE;A2;verb;people: actions;Details;
cut;kesmoq;USE KNIFE;A2;verb;people: actions;Details;
decide;qaror qilmoq;CHOOSE;A2;verb;people: actions;Details;
delay;kechiktirmoq;MAKE HAPPEN LATER;A2;verb;people: actions;Details;
end;tugatmoq;;A2;verb;people: actions;Details;
fill;toĹldirmoq;MAKE FULL;A2;verb;people: actions;Details;
follow;ergashmoq;GO;A2;verb;people: actions;Details;
hurry;shoshilmoq;;A2;verb;people: actions;Details;
improve;yaxshilamoq;;A2;verb;people: actions;Details;
mix;aralashtirmoq;COMBINE SUBSTANCES;A2;verb;people: actions;Details;
move;harakatlanmoq;CHANGE POSITION;A2;verb;people: actions;Details;
paint;boĹyaymoq;COVER SURFACE;A2;verb;people: actions;Details;
prepare;tayyorlamoq;GET READY;A2;verb;people: actions;Details;
pull;tortmoq;MOVE TOWARD YOU;A2;verb;people: actions;Details;
push;itarmoq;MOVE SOMEONE/SOMETHING;A2;verb;people: actions;Details;
share;boĹlishmoq;HAVE AT SAME TIME;A2;verb;people: actions;Details;
shut;yopmoq;CLOSE;A2;verb;people: actions;Details;
throw;uloqtirmoq;IN AIR;A2;verb;people: actions;Details;
try;urinmoq;ATTEMPT;A2;verb;people: actions;Details;
turn;burilmoq;CHANGE DIRECTION;A2;verb;people: actions;Details;
comb;taramoq;;A2;noun;people: appearance;Details;
makeup;boĹyanish vositalari;;A2;noun;people: appearance;Details;
perfume;atir;;A2;noun;people: appearance;Details;
shampoo;shampun;;A2;noun;people: appearance;Details;
soul;ruh;MUSIC;A2;noun;people: personality;Details;
cry;yigĹlamoq;PRODUCE TEARS;A2;verb;people: personality;Details;
worry;xavotirlanmoq;FEEL ANXIOUS;A2;verb;people: personality;Details;
believe;ishonmoq;??????;A2;verb;people: personality;Details;
bother;bezovta qilmoq;ANNOY;A2;verb;people: personality;Details;
hate;yoqtirmaslik;;A2;verb;people: personality;Details;
prefer;afzal koĹrmoq;CHOOSE;A2;verb;people: personality;Details;
hope;umid qilmoq;WANT TO HAPPEN;A2;verb;people: personality;Details;
capital;poytaxt;;A2;noun;politics;Details;
king;qirol;RULER;A2;noun;politics;Details;
president;prezident;;A2;noun;politics;Details;
aunt;amma, xola;;A2;noun;relationships;Details;
boyfriend;yigit (doĹst);;A2;noun;relationships;Details;
cousin;amakivachcha, xolavachcha;;A2;noun;relationships;Details;
girlfriend;qiz (doĹst);PARTNER;A2;noun;relationships;Details;
grandchild;nabira;;A2;noun;relationships;Details;
granddaughter;nabira (qiz);;A2;noun;relationships;Details;
grandfather;bobom;;A2;noun;relationships;Details;
grandmother;buvijon;;A2;noun;relationships;Details;
grandparent;bobo yoki buvi;;A2;noun;relationships;Details;
grandson;nabira (oĹgĹil);;A2;noun;relationships;Details;
guest;mehmon;VISITOR;A2;noun;relationships;Details;
member;aĺzo;;A2;noun;relationships;Details;
neighbor;qoĹshni;LIVING NEAR;A2;noun;relationships;Details;
roommate;xonadosh;;A2;noun;relationships;Details;
uncle;amaki, togĹa;;A2;noun;relationships;Details;
board game;stol oĹyinlari;;A2;noun;shopping;Details;
department store;universal doĹkon;;A2;noun;shopping;Details;
game;oĹyin;OCCASION;A2;noun;shopping;Details;
goal;maqsad;POINT;A2;noun;shopping;Details;
hobby;xobbi;;A2;noun;shopping;Details;
market;bozor;PLACE;A2;noun;shopping;Details;
match;oĹyin, musobaqa;COMPETITION;A2;noun;shopping;Details;
playground;bolalar maydonchasi;;A2;noun;shopping;Details;
pool;hovuz;SWIM;A2;noun;shopping;Details;
puzzle;jumboq, boshqotirma;;A2;noun;shopping;Details;
quiz;viktorina;GAME;A2;noun;shopping;Details;
race;poyga;RUNNING, RIDING, ETC.;A2;noun;shopping;Details;
racket;raketka;SPORT;A2;noun;shopping;Details;
skateboard;skeytbord;;A2;noun;shopping;Details;
toy;oĹyinchoq;;A2;noun;shopping;Details;
video game;video oĹyin;;A2;noun;shopping;Details;
badminton;badminton;;A2;noun;shopping;Details;
chess;shaxmat;;A2;noun;shopping;Details;
cricket;kriket;SPORT;A2;noun;shopping;Details;
football;futbol;GAME;A2;noun;shopping;Details;
golf;golf;;A2;noun;shopping;Details;
hockey;xokkey;;A2;noun;shopping;Details;
ice hockey;muz ustida xokkey;;A2;noun;shopping;Details;
rugby;regbi;;A2;noun;shopping;Details;
soccer;futbol;;A2;noun;shopping;Details;
table tennis;stol tennisi;;A2;noun;shopping;Details;
volleyball;voleybol;;A2;noun;shopping;Details;
come;kelmoq;BE AVAILABLE;A2;verb;shopping;Details;
laptop;noutbuk;;A2;noun;technology;Details;
machine;mashina;;A2;noun;technology;Details;
model;model;DESIGN;A2;noun;technology;Details;
page;sahifa;WEB SITE;A2;noun;technology;Details;
PC;kompyuter;;A2;noun;technology;Details;
site;sayt;INTERNET;A2;noun;technology;Details;
video;video;SHORT FILM;A2;noun;technology;Details;
Web page;veb-sahifa;;A2;noun;technology;Details;
IT;axborot texnologiyalari;;A2;noun;technology;Details;
software;dasturiy taĺminot;;A2;noun;technology;Details;
memory;xotira;COMPUTING;A2;noun;technology;Details;
work;ish;OPERATE;A2;verb;technology;Details;
airplane;samolyot;;A2;noun;travel;Details;
airport;aeroport;;A2;noun;travel;Details;
bicycle;velosiped;;A2;noun;travel;Details;
bus station;avtovokzal;;A2;noun;travel;Details;
bus stop;avtobus bekati;;A2;noun;travel;Details;
driver's license;haydovchilik guvohnomasi;;A2;noun;travel;Details;
flight;parvoz;JOURNEY;A2;noun;travel;Details;
gas station;yoqilgĹi quyish shoxobchasi;;A2;noun;travel;Details;
guidebook;qoĹllanma kitob;;A2;noun;travel;Details;
helicopter;vertolyot;;A2;noun;travel;Details;
highway;katta yoĹl;;A2;noun;travel;Details;
map;xarita;;A2;noun;travel;Details;
motorcycle;mototsikl;;A2;noun;travel;Details;
parking lot;avtoturargoh;;A2;noun;travel;Details;
path;yoĹl;TRACK;A2;noun;travel;Details;
platform;platforma;TRAIN;A2;noun;travel;Details;
railroad;temiryoĹl;;A2;noun;travel;Details;
ship;kema;;A2;noun;travel;Details;
suitcase;chamadon;;A2;noun;travel;Details;
tire;shina;;A2;noun;travel;Details;
traffic light;svetofor;;A2;noun;travel;Details;
tram;tramvay;;A2;noun;travel;Details;
trip;sayohat;;A2;noun;travel;Details;
way;yoĹl;ROUTE;A2;noun;travel;Details;
gas;gaz;LIQUID FUEL;A2;noun;travel;Details;
luggage;yuk;;A2;noun;travel;Details;
traffic;transport harakati;VEHICLES;A2;noun;travel;Details;
adventure;sarguzasht;;A2;noun;travel;Details;
tour;ekskursiya;;A2;noun;travel;Details;
camp;lager;;A2;verb;travel;Details;
fly;uchmoq;MOVE THROUGH AIR;A2;verb;travel;Details;
stay;qolmoq;LIVE;A2;verb;travel;Details;
stop;toĹxtamoq;BUS/TRAIN;A2;verb;travel;Details;
take;olmoq;TRAVEL;A2;verb;travel;Details;
ride;minmoq;TRAVEL;A2;verb;travel;Details;
boss;rahbar;;A2;noun;work;Details;
business;biznes;ORGANIZATION;A2;noun;work;Details;
businessman;ishbilarmon;;A2;noun;work;Details;
businesswoman;ishbilarmon ayol;;A2;noun;work;Details;
company;kompaniya;BUSINESS;A2;noun;work;Details;
day;kun;WORK HOURS;A2;noun;work;Details;
guide;qoĹllanma;PERSON;A2;noun;work;Details;
job;ish;PIECE OF WORK;A2;noun;work;Details;
secretary;kotiba;IN OFFICE;A2;noun;work;Details;
build;qurmoq;;A2;verb;work;Details;
cigarette;sigaret;;A2;noun;body and health;Details;
alcohol;alkogol;;A2;noun;food and drink;Details;
champagne;shampan vinosi;;A2;noun;food and drink;Details;
cathedral;sobor;;A2;noun;homes and buildings;Details;
church;cherkov;;A2;noun;homes and buildings;Details;
mosque;masjid;;A2;noun;homes and buildings;Details;
principal;direktor;;A2;noun;;Details;
difference;farq;WAY;A2;noun;;Details;
driver;haydovchi;;A2;noun;;Details;
partner;sherik;PERSON YOU DO SOMETHING WITH;A2;noun;;Details;
photographer;fotosuratchi;;A2;noun;;Details;
ruler;qalam (oĹlchov);FOR MEASURING;A2;noun;;Details;
singer;qoĹshiqchi;;A2;noun;;Details;
mechanic;mexanik;;A2;noun;;Details;
plastic;plastik;;A2;noun;;Details;
climbing;togĹga koĹtarilish;;A2;noun;;Details;
cooking;pishirish;;A2;noun;;Details;
singing;qoĹshiq aytish;;A2;noun;;Details;
skateboarding;skeytbord;;A2;noun;;Details;
skating;konkida uchish;;A2;noun;;Details;
skiing;changĹi uchish;;A2;noun;;Details;
snowboarding;changĹida uchish;;A2;noun;;Details;
surfing;serfing;;A2;noun;;Details;
swimming;suzish;;A2;noun;;Details;
drawing;chizish;;A2;noun;;Details;
artist;rassom;;A2;noun;;Details;
dentist;stomatolog;;A2;noun;;Details;
receptionist;qabulxona xodimi;;A2;noun;;Details;
comparative;taqqoslash;;A2;noun;;Details;
superlative;ustunlik;;A2;noun;;Details;
appointment;uchrashuv;;A2;noun;;Details;
department;boĹlim;;A2;noun;;Details;
actor;aktyor;;A2;noun;;Details;
adjective;sifat;;A2;noun;;Details;
adverb;qoĹshimcha;;A2;noun;;Details;
alarm clock;uygĹatuvchi soat;;A2;noun;;Details;
album;albom;BOOK;A2;noun;;Details;
backpack;ruksak;;A2;noun;;Details;
balloon;sharning;;A2;noun;;Details;
bathing suit;choĹmilish kiyimi;;A2;noun;;Details;
battery;batareya;;A2;noun;;Details;
bill;hisob;;A2;noun;;Details;
block;blok;DISTANCE;A2;noun;;Details;
body;tanasi;DEAD;A2;noun;;Details;
box;quti;SQUARE SPACE;A2;noun;;Details;
break;tanaffus;STOP;A2;noun;;Details;
bridge;koĹprik;STRUCTURE;A2;noun;;Details;
calendar;kalendar;DAYS;A2;noun;;Details;
call;qoĹngĹiroq;TELEPHONE;A2;noun;;Details;
case;holat;CONTAINER;A2;noun;;Details;
century;asr;;A2;noun;;Details;
chef;oshpaz;;A2;noun;;Details;
class;dars;STANDARD;A2;noun;;Details;
classmate;sinfdosh;;A2;noun;;Details;
click;bosmoq;;A2;noun;;Details;
closet;shkaf;;A2;noun;;Details;
club;klub;GROUP;A2;noun;;Details;
colleague;hamkasb;;A2;noun;;Details;
contact;aloqa;PERSON;A2;noun;;Details;
cook;pishirmoq;;A2;noun;;Details;
corner;burchak;;A2;noun;;Details;
crowd;olomon;;A2;noun;;Details;
deck;kemaning qavati;CARDS;A2;noun;;Details;
diary;kundalik;;A2;noun;;Details;
digital camera;raqamli kamera;;A2;noun;;Details;
disco;diskoteka;;A2;noun;;Details;
discount;chegirma;;A2;noun;;Details;
dream;orzu;SLEEP;A2;noun;;Details;
dresser;shkaf (kiyim);;A2;noun;;Details;
engine;dvigatel;;A2;noun;;Details;
engineer;muhandis;;A2;noun;;Details;
fact;fakt;TRUE THING;A2;noun;;Details;
fan;ventilyator;PERSON;A2;noun;;Details;
first name;ism;;A2;noun;;Details;
folder;folder;FOR PAPERS;A2;noun;;Details;
friend;doĹst;INTERNET;A2;noun;;Details;
gift;sovgĹa;THING GIVEN;A2;noun;;Details;
grocery store;oziq-ovqat doĹkoni;;A2;noun;;Details;
housewife;uy bekasi;;A2;noun;;Details;
idea;gĹoya;SUGGESTION;A2;noun;;Details;
key;kalit;ANSWERS;A2;noun;;Details;
kite;qamchi;;A2;noun;;Details;
last name;familiya;;A2;noun;;Details;
level;daraja;ABILITY;A2;noun;;Details;
line;chiziq;LONG MARK;A2;noun;;Details;
mistake;xato;WRONG ACTION;A2;noun;;Details;
moment;lahza;SHORT TIME;A2;noun;;Details;
noun;sifat;;A2;noun;;Details;
nurse;hamshirasi;;A2;noun;;Details;
omelet;omlet;;A2;noun;;Details;
passport;pasport;;A2;noun;;Details;
pen pal;doĹst maktubi;;A2;noun;;Details;
pilot;uchuvchi;;A2;noun;;Details;
plan;reja;ARRANGEMENT;A2;noun;;Details;
policeman;militsioner;;A2;noun;;Details;
police officer;politsiyachi;;A2;noun;;Details;
police station;militsiya boĹlimi;;A2;noun;;Details;
policewoman;militsioner ayol;;A2;noun;;Details;
present;sovgĹa;SOMETHING GIVEN;A2;noun;;Details;
price;narx;COST;A2;noun;;Details;
prize;mukofot;;A2;noun;;Details;
purse;sumka;;A2;noun;;Details;
quarter;chorak;FOURTH PART;A2;noun;;Details;
queen;qirol;;A2;noun;;Details;
question;savol;EXAM;A2;noun;;Details;
reason;sabab;WHY;A2;noun;;Details;
receipt;chek;PIECE OF PAPER;A2;noun;;Details;
report card;hisobot varaqasi;;A2;noun;;Details;
salesperson;sotuvchi;;A2;noun;;Details;
screen;ekran;;A2;noun;;Details;
second;ikkinchi;PART OF MINUTE;A2;noun;;Details;
set;toĹplam;GROUP;A2;noun;;Details;
shop;doĹkon;;A2;noun;;Details;
side;yon;PART;A2;noun;;Details;
skate;rolanchil;;A2;noun;;Details;
sort;saralamoq;TYPE;A2;noun;;Details;
stadium;stadion;;A2;noun;;Details;
surprise;hayrat;EVENT;A2;noun;;Details;
text;matn;CELL PHONE;A2;noun;;Details;
textbook;darslik;;A2;noun;;Details;
text message;xabar;;A2;noun;;Details;
theater;teatr;;A2;noun;;Details;
thing;narsa;ACTIVITY;A2;noun;;Details;
toothbrush;tish choĹtka;;A2;noun;;Details;
top;yuqori;HIGHEST PART;A2;noun;;Details;
tour guide;ekskursiyachi;;A2;noun;;Details;
type;tur;SIMILAR;A2;noun;;Details;
uniform;forma;;A2;noun;;Details;
wastebasket;axlatxona;;A2;noun;;Details;
weekday;haftaning kuni;;A2;noun;;Details;
wheel;gĹildirak;ON VEHICLE;A2;noun;;Details;
workbook;mashq varaqasi;;A2;noun;;Details;
biology;biologiya;;A2;noun;;Details;
cycling;velosipedda yurish;;A2;noun;;Details;
east;sharq;DIRECTION;A2;noun;;Details;
handball;qoĹl jangi;;A2;noun;;Details;
jelly;jel;;A2;noun;;Details;
leather;charm;;A2;noun;;Details;
luck;omad;CHANCE;A2;noun;;Details;
magic;sehr;SPECIAL POWERS;A2;noun;;Details;
midnight;tungi yarim;;A2;noun;;Details;
noon;tong;;A2;noun;;Details;
north;shimol;DIRECTION;A2;noun;;Details;
soap;sovun;FOR WASHING;A2;noun;;Details;
south;janub;DIRECTION;A2;noun;;Details;
time;vaqt;MINUTES/DAYS/YEARS;A2;noun;;Details;
tonight;bugun kechasi;;A2;noun;;Details;
west;gĹarb;DIRECTION;A2;noun;;Details;
wool;jun;;A2;noun;;Details;
building;bino;;A2;noun;;Details;
chain;zanjir;METAL RINGS;A2;noun;;Details;
cost;xarajat;MONEY;A2;noun;;Details;
danger;xavf;POSSIBILITY OF HARM;A2;noun;;Details;
fashion;moda;POPULAR STYLE;A2;noun;;Details;
fire;olov;FLAMES;A2;noun;;Details;
high school;oĹrta maktab;;A2;noun;;Details;
plural;koĹplik;;A2;noun;;Details;
rest;dam olish;RELAX;A2;noun;;Details;
sound;tovush;;A2;noun;;Details;
space;maydon;EMPTY PLACE;A2;noun;;Details;
white;oq;;A2;noun;;Details;
pajamas;pijama;;A2;noun;;Details;
scissors;qaychi;;A2;noun;;Details;
singular;yagona;;A2;noun;;Details;
swim;suzish;;A2;noun;;Details;
arrive;kelmoq;REACH A PLACE;A2;verb;;Details;
close;yaqin;PUBLIC PLACE;A2;verb;;Details;
happen;sodir boĹlish;HAVE EXISTENCE;A2;verb;;Details;
matter;ahamiyat;;A2;verb;;Details;
think;oĹylamoq;CONSIDER DOING;A2;verb;;Details;
e-mail;elektron pochta;;A2;verb;;Details;
forget;unutmoq;NOT BRING;A2;verb;;Details;
include;kiritmoq;;A2;verb;;Details;
keep;saqlamoq;HAVE;A2;verb;;Details;
know;bilmoq;BE ABLE;A2;verb;;Details;
receive;qabul qilish;GET;A2;verb;;Details;
repeat;takrorlash;SAY AGAIN;A2;verb;;Details;
save;saqlash;KEEP;A2;verb;;Details;
see;koĹrmoq;ON TV, ETC.;A2;verb;;Details;
sell;sotmoq;FOR MONEY;A2;verb;;Details;
serve;xizmat qilish;PROVIDE FOOD/DRINK;A2;verb;;Details;
teach;oĹqitmoq;SHOW HOW TO;A2;verb;;Details;
visit;tashrif buyurmoq;INTERNET;A2;verb;;Details;
win;yutmoq;PRIZE;A2;verb;;Details;
begin;boshlamoq;START TO DO;A2;verb;;Details;
download;yuklab olish;;A2;verb;;Details;
dress;kiyim;PUT ON CLOTHES;A2;verb;;Details;
dry;quritmoq;;A2;verb;;Details;
earn;daromad olish;RECEIVE;A2;verb;;Details;
enter;kirmoq;PLACE;A2;verb;;Details;
order;buyurtma;REQUEST;A2;verb;;Details;
pack;yigĹmoq;;A2;verb;;Details;
park;toĹxtatmoq;;A2;verb;;Details;
record;yozmoq;STORE SOUND/PICTURES;A2;verb;;Details;
steal;oĹgĹrilamoq;;A2;verb;;Details;
surf;sura surf;;A2;verb;;Details;
understand;tushunmoq;KNOW WHY/HOW;A2;verb;;Details;
write;yozmoq;COMMUNICATE;A2;verb;;Details;
war;urush;FIGHTING;A2;noun;;Details;
kill;oĹldirish;;A2;verb;;Details;
fantastic;fantastik;;A2;adjective;describing things;Details;
OK;yaxshi;ALLOWED;A2;adjective;communication;Details;
sure;ishonchli;AGREEMENT;A2;adverb;communication;Details;
yes;ha;DISAGREE;A2;adverb;communication;Details;
awesome;ajoyib;GOOD;A2;adjective;describing things;Details;
cool;cool, yaxshi;GOOD;A2;adjective;describing things;Details;
golden;oltin;METAL;A2;adjective;natural world;Details;
mad;qizgĹonchli;ANGRY;A2;adjective;people: personality;Details;
fun;qiziqarli;;A2;adjective;;Details;
unfortunately;afsuski;;A2;adverb;communication;Details;
unhappy;xafa;SAD;A2;adjective;people: personality;Details;
comfortable;qulay;CLOTHES/FURNITURE;A2;adjective;describing things;Details;
available;mavjud;ABLE TO GET;A2;adjective;shopping;Details;
musical;musiqiy;RELATED TO MUSIC;A2;adjective;arts and media;Details;
national;milliy;;A2;adjective;politics;Details;
digital;raqamli;SYSTEM;A2;adjective;technology;Details;
advanced;rivojlangan;HIGHER LEVEL;A2;adjective;describing things;Details;
fried;qovurilgan;;A2;adjective;food and drink;Details;
grilled;grilĺlangan;;A2;adjective;food and drink;Details;
interested;qiziqadigan;;A2;adjective;people: personality;Details;
pleased;mamnun;HAPPY;A2;adjective;people: personality;Details;
surprised;hayron;;A2;adjective;people: personality;Details;
worried;xavotirda;;A2;adjective;people: personality;Details;
married;turmush qurgan;WITH WIFE/HUSBAND;A2;adjective;relationships;Details;
useful;foydali;;A2;adjective;describing things;Details;
wonderful;ajoyib;;A2;adjective;describing things;Details;
careful;ehtiyotkor;;A2;adjective;people: personality;Details;
electric;elektr;EQUIPMENT;A2;adjective;technology;Details;
amazing;ajablanarli;GOOD;A2;adjective;describing things;Details;
good-looking;chiroyli;;A2;adjective;people: appearance;Details;
attractive;jalb qiluvchi;BEAUTIFUL;A2;adjective;people: appearance;Details;
actually;aslida;TRUTH;A2;adverb;communication;Details;
badly;yomon;VERY MUCH;A2;adverb;communication;Details;
certainly;albatta;NO DOUBT;A2;adverb;communication;Details;
clearly;aniq;EASY;A2;adverb;communication;Details;
especially;ayniqsa;;A2;adverb;communication;Details;
really;haqiqatan ham;EMPHASIZING;A2;adverb;communication;Details;
exactly;aniq;COMPLETELY CORRECT;A2;adverb;describing things;Details;
dangerous;xavfli;;A2;adjective;people: personality;Details;
healthy;sogĹlom;WELL;A2;adjective;body and health;Details;
dirty;iflos;;A2;adjective;describing things;Details;
thirsty;suvsiz;;A2;adjective;food and drink;Details;
cloudy;bulutli;;A2;adjective;natural world;Details;
foggy;tumanli;;A2;adjective;natural world;Details;
sunny;quyoshli;;A2;adjective;natural world;Details;
windy;shamolli;;A2;adjective;natural world;Details;
lazy;dangasa;PERSON;A2;adjective;people: personality;Details;
all right;yaxshi;WELL;A2;adjective;body and health;Details;
fit;mos;;A2;adjective;body and health;Details;
sick;kasal;;A2;adjective;body and health;Details;
how;qanday;HEALTH;A2;adverb;body and health;Details;
warm;iliq;CLOTHES;A2;adjective;clothes;Details;
on;boĹyicha;WEAR;A2;adverb;clothes;Details;
long;uzun;MANY WORDS;A2;adjective;communication;Details;
short;qisqa;WORDS;A2;adjective;communication;Details;
sorry;uzr;SYMPATHY;A2;adjective;communication;Details;
anyway;baribir;DESPITE;A2;adverb;communication;Details;
maybe;balki;SUGGEST;A2;adverb;communication;Details;
no;yoĹq;AGREE;A2;adverb;communication;Details;
well;yaxshi;TO A GREAT DEGREE;A2;adverb;communication;Details;
average;oĹrta;USUAL;A2;adjective;describing things;Details;
awful;dahshatli;BAD;A2;adjective;describing things;Details;
bad;yomon;LOW QUALITY;A2;adjective;describing things;Details;
bright;yorqin;COLOR;A2;adjective;describing things;Details;
broken;sindirilgan;DAMAGED;A2;adjective;describing things;Details;
clear;aniq;TRANSPARENT;A2;adjective;describing things;Details;
deep;chuqur;TOP TO BOTTOM;A2;adjective;describing things;Details;
double;ikki marta;;A2;adjective;describing things;Details;
excellent;aĺlo;;A2;adjective;describing things;Details;
extra;ortiqcha;;A2;adjective;describing things;Details;
fine;yaxshi;GOOD ENOUGH;A2;adjective;describing things;Details;
good;yaxshi;SUITABLE;A2;adjective;describing things;Details;
great;aĺlo;LARGE;A2;adjective;describing things;Details;
hard;qattiq;SOLID;A2;adjective;describing things;Details;
heavy;ogĹir;WEIGHING A LOT;A2;adjective;describing things;Details;
high;baland;TALL;A2;adjective;describing things;Details;
horrible;dahshatli;;A2;adjective;describing things;Details;
indoor;ichki;;A2;adjective;describing things;Details;
large;katta;;A2;adjective;describing things;Details;
left-hand;chap qoĹldan foydalanadigan;;A2;adjective;describing things;Details;
loud;ovozli;;A2;adjective;describing things;Details;
low;past;AMOUNT/LEVEL;A2;adjective;describing things;Details;
old;eski;FROM THE PAST;A2;adjective;describing things;Details;
perfect;mukammal;WITHOUT FAULT;A2;adjective;describing things;Details;
pleasant;yoqimli;;A2;adjective;describing things;Details;
right-hand;oĹng qoĹldan foydalanadigan;;A2;adjective;describing things;Details;
round;dumaloq;;A2;adjective;describing things;Details;
single;yolgĹiz;FOR ONE;A2;adjective;describing things;Details;
soft;yumshoq;NOT HARD;A2;adjective;describing things;Details;
special;maxsus;VERY GOOD;A2;adjective;describing things;Details;
straight;toĹgĹri;NOT CURVING;A2;adjective;describing things;Details;
terrible;dahshatli;;A2;adjective;describing things;Details;
thin;ingichka;NOT THICK;A2;adjective;describing things;Details;
whole;butun;;A2;adjective;describing things;Details;
wide;keng;DISTANCE;A2;adjective;describing things;Details;
worse;yomonroq;MORE UNPLEASANT;A2;adjective;describing things;Details;
worst;yomonroq;;A2;adjective;describing things;Details;
above;yuqorida;MORE;A2;adverb;describing things;Details;
across;qarama-qarshi;;A2;adverb;describing things;Details;
anywhere;istalgan joyda;ANY PLACE;A2;adverb;describing things;Details;
around;atrofida;TO/IN A PLACE;A2;adverb;describing things;Details;
away;uzoqda;DISTANCE FROM;A2;adverb;describing things;Details;
down;pastga;LOWER POSITION;A2;adverb;describing things;Details;
else;boshqa;IN ADDITION;A2;adverb;describing things;Details;
in;ichida;INTO A SPACE;A2;adverb;describing things;Details;
inside;ichki;CONTAINER;A2;adverb;describing things;Details;
less;kamroq;;A2;adverb;describing things;Details;
most;koĹp;MORE;A2;adverb;describing things;Details;
outside;tashqarida;NEAR;A2;adverb;describing things;Details;
over;ustida;MORE THAN;A2;adverb;describing things;Details;
half;yarmi;PART;A2;noun;describing things;Details;
fresh;yangi;NOT OLD;A2;adjective;food and drink;Details;
downstairs;pastki qavat;;A2;adverb;homes and buildings;Details;
upstairs;yuqori qavat;;A2;adverb;homes and buildings;Details;
free;bepul;NO COST;A2;adjective;money;Details;
rich;boy;MONEY;A2;adjective;money;Details;
wet;nam;WEATHER;A2;adjective;natural world;Details;
aged;qarigan;;A2;adjective;people: appearance;Details;
blond;oqrangiz;;A2;adjective;people: appearance;Details;
fair;adolatli;HAIR/SKIN;A2;adjective;people: appearance;Details;
pretty;chiroyli;WOMAN;A2;adjective;people: appearance;Details;
strong;kuchli;PHYSICALLY POWERFUL;A2;adjective;people: appearance;Details;
afraid;qoĹrqqan;FEAR;A2;adjective;people: personality;Details;
angry;gĹazablangan;;A2;adjective;people: personality;Details;
crazy;gĹalati;STUPID;A2;adjective;people: personality;Details;
glad;xursand;HAPPY;A2;adjective;people: personality;Details;
happy;baxtli;SATISFIED;A2;adjective;people: personality;Details;
kind;saxovatli;;A2;adjective;people: personality;Details;
polite;xushmuomalali;;A2;adjective;people: personality;Details;
poor;kambagĹal;SYMPATHY;A2;adjective;people: personality;Details;
upset;xavotirda;;A2;adjective;people: personality;Details;
well-known;taniqli;;A2;adjective;people: personality;Details;
team;jamoa;SPORT;A2;noun;shopping;Details;
online;onlayn;;A2;adjective;technology;Details;
off;oĹchirilgan;NOT OPERATING;A2;adverb;technology;Details;
lift;koĹtarish;;A2;noun;travel;Details;
busy;band;TIME;A2;adjective;work;Details;
Dr.;doktor;;A2;noun;work;Details;
staff;xodim;;A2;noun;work;Details;
international;xalqaro;;A2;adjective;;Details;
unusual;noyob;;A2;adjective;;Details;
normal;normal;;A2;adjective;;Details;
crowded;gavjum;;A2;adjective;;Details;
dressed;kiyimlangan;WEARING CLOTHES;A2;adjective;;Details;
further;ortiq;;A2;adjective;;Details;
better;yaxshiroq;WELL;A2;adverb;;Details;
later;keyinroq;IN THE FUTURE;A2;adverb;;Details;
missing;yoĹqolgan;LOST;A2;adjective;;Details;
beginning;boshlanish;;A2;noun;;Details;
activity;faoliyat;EVENT;A2;noun;;Details;
negative;salbiy;GRAMMAR;A2;adjective;;Details;
daily;kundalik;EVERY DAY;A2;adjective;;Details;
weekly;haftalik;;A2;adjective;;Details;
carefully;ehtiyotkorlik bilan;;A2;adverb;;Details;
easily;oson;NO DIFFICULTY;A2;adverb;;Details;
finally;nihoyat;AFTER A LONG TIME;A2;adverb;;Details;
immediately;darhol;NOW;A2;adverb;;Details;
nearly;deyarli;ALMOST;A2;adverb;;Details;
possibly;mumkin;NOT CERTAIN;A2;adverb;;Details;
probably;ehtimol;;A2;adverb;;Details;
quickly;tez;FAST SPEED;A2;adverb;;Details;
slowly;sekin;;A2;adverb;;Details;
usually;odatda;;A2;adverb;;Details;
various;turli;;A2;adjective;;Details;
lucky;omadli;;A2;adjective;;Details;
noisy;shovqinli;;A2;adjective;;Details;
adult;kattalar;FOR ADULTS;A2;adjective;;Details;
alone;yolgĹiz;WITHOUT PEOPLE;A2;adjective;;Details;
big;katta;IMPORTANT;A2;adjective;;Details;
correct;toĹgĹri;ACCURATE;A2;adjective;;Details;
dark;qorongĹi;NO LIGHT;A2;adjective;;Details;
dead;oĹlik;NOT ALIVE;A2;adjective;;Details;
early;erta;BEGINNING;A2;adjective;;Details;
empty;boĹsh;NOTHING INSIDE;A2;adjective;;Details;
final;yakuniy;LAST;A2;adjective;;Details;
first;birinchi;IMPORTANT;A2;adjective;;Details;
foreign;xorijiy;OF ANOTHER COUNTRY;A2;adjective;;Details;
friendly;doĹstona;;A2;adjective;;Details;
full;toĹla;NO MORE POSSIBLE;A2;adjective;;Details;
half-price;yarim narx;;A2;adjective;;Details;
last;oxirgi;MOST RECENT;A2;adjective;;Details;
latest;soĹnggi;;A2;adjective;;Details;
lost;yoĹqolgan;PERSON;A2;adjective;;Details;
modern;zamonaviy;NEW;A2;adjective;;Details;
next;keyingi;AFTER;A2;adjective;;Details;
own;oĹz;BELONGING;A2;adjective;;Details;
popular;mashhur;LIKED;A2;adjective;;Details;
quick;tez;SHORT TIME;A2;adjective;;Details;
quiet;jim;NOT NOISY;A2;adjective;;Details;
ready;tayyor;AVAILABLE;A2;adjective;;Details;
real;haqiqiy;NOT IMAGINED;A2;adjective;;Details;
regular;muntazam;USUAL;A2;adjective;;Details;
safe;xavfsiz;NOT DANGEROUS;A2;adjective;;Details;
simple;oddiy;EASY;A2;adjective;;Details;
small;kichik;NOT IMPORTANT;A2;adjective;;Details;
strange;gĹayrioddiy;UNUSUAL;A2;adjective;;Details;
sweet;shirin;ATTRACTIVE;A2;adjective;;Details;
tall;baland;HOW HIGH;A2;adjective;;Details;
??????;haqiqat;NOT FALSE;A2;adjective;;Details;
wild;yovvoyi;ANIMAL;A2;adjective;;Details;
wooden;yogĹoch;;A2;adjective;;Details;
after;keyin;;A2;adverb;;Details;
afterward;keyinroq;;A2;adverb;;Details;
again;yana;AS BEFORE;A2;adverb;;Details;
ago;oldin;;A2;adverb;;Details;
all;barcha;COMPLETELY;A2;adverb;;Details;
almost;deyarli;;A2;adverb;;Details;
already;allaqachon;BEFORE NOW;A2;adverb;;Details;
always;doimo;UNTIL NOW;A2;adverb;;Details;
anymore;endi;;A2;adverb;;Details;
downtown;markazda;;A2;adverb;;Details;
enough;yetarli;NECESSARY AMOUNT;A2;adverb;;Details;
even;hatto;SURPRISE;A2;adverb;;Details;
ever;har doim;AT ANY TIME;A2;adverb;;Details;
everywhere;har bir joyda;;A2;adverb;;Details;
far;uzoq;DISTANCE;A2;adverb;;Details;
fast;tez;QUICKLY;A2;adverb;;Details;
half price;yarim narx;;A2;adverb;;Details;
here;bu yerda;GIVING;A2;adverb;;Details;
home;uy;TO PLACE;A2;adverb;;Details;
however;biroq;DESPITE THIS;A2;adverb;;Details;
instead;oĹrniga;;A2;adverb;;Details;
just;faqat;RECENTLY;A2;adverb;;Details;
late;kech;AFTER;A2;adverb;;Details;
not;emas;AFTER HOPE/SUSPECT, ETC.;A2;adverb;;Details;
now;hozir;IMMEDIATELY;A2;adverb;;Details;
once;bir marta;ONE TIME;A2;adverb;;Details;
only;faqat;NO ONE/NOTHING ELSE;A2;adverb;;Details;
out;tashqarida;SOCIAL ACTIVITY;A2;adverb;;Details;
perhaps;balki;;A2;adverb;;Details;
quite;ancha;VERY;A2;adverb;;Details;
somewhere;istalgan joyda;PLACE;A2;adverb;;Details;
soon;tez orada;AFTER SHORT PERIOD;A2;adverb;;Details;
still;hozirgacha;CONTINUING;A2;adverb;;Details;
then;keyin;RESULT;A2;adverb;;Details;
there;bu yerda;GIVING;A2;adverb;;Details;
twice;ikki marta;;A2;adverb;;Details;
up;yuqori;HIGHER POSITION;A2;adverb;;Details;
wrong;notoĹgĹri;NOT CORRECT;A2;adverb;;Details;
yet;hali;UNTIL NOW;A2;adverb;;Details;
bottom;pastki qavat;FLAT SURFACE;A2;noun;;Details;
Ms.;xonim;;A2;noun;;Details;
town;shaharchi;NEARBY PLACE;A2;noun;;Details;
wood;yogĹoch;MATERIAL;A2;noun;;Details;
hey;salom;;A2;exclamation;communication;Details;
thank you;rahmat;ACCEPT/REFUSE;A2;exclamation;communication;Details;
wow;voay!;;A2;exclamation;communication;Details;
yeah;ha, ha, ha;;A2;exclamation;communication;Details;
welcome;xush kelibsiz;;A2;exclamation;communication;Details;
could;mumkin;REQUEST;A2;modal verb;communication;Details;
will;kelajakda;ASK;A2;modal verb;communication;Details;
at;da, ga;CAUSE;A2;preposition;communication;Details;
for;uchun;MEANING;A2;preposition;communication;Details;
another;boshqa;ADDITIONAL;A2;determiner;describing things;Details;
other;boshqa;PART OF SET;A2;determiner;describing things;Details;
several;bir necha;;A2;determiner;describing things;Details;
against;qarshi;TOUCHING;A2;preposition;describing things;Details;
between;orasida;AMOUNT;A2;preposition;describing things;Details;
from;dan, dan;MATERIAL;A2;preposition;describing things;Details;
next to;yonida;;A2;preposition;describing things;Details;
of;ning;POSITION;A2;preposition;describing things;Details;
opposite;qarama-qarshi;;A2;preposition;describing things;Details;
out of;tashqarida;NO LONGER IN PLACE;A2;preposition;describing things;Details;
past;oldin, kechgan;POSITION;A2;preposition;describing things;Details;
through;orqali;ONE SIDE TO ANOTHER;A2;preposition;describing things;Details;
under;ostida;LESS THAN;A2;preposition;describing things;Details;
without;sizsiz, sizda;NOT HAVING;A2;preposition;describing things;Details;
everything;hamma narsa;;A2;pronoun;describing things;Details;
nothing;hech narsa;NOT ANYTHING;A2;pronoun;describing things;Details;
including;oĹz ichiga olgan;;A2;preposition;;Details;
be;boĹlish;CONTINUE;A2;auxiliary verb;;Details;
a;bir;AMOUNTS;A2;determiner;;Details;
much;koĹp;NEGATIVE;A2;determiner;;Details;
one;bitta;PARTICULAR PERSON/THING;A2;determiner;;Details;
the;oĹz;BEFORE SUPERLATIVES, ETC.;A2;determiner;;Details;
congratulations;tabriklar;;A2;exclamation;;Details;
may;boĹlishi mumkin;POSSIBLY HAPPEN;A2;modal verb;;Details;
might;ehtimol;POSSIBLY HAPPEN;A2;modal verb;;Details;
must;kerak;NECESSARY;A2;modal verb;;Details;
should;kerak;ADVICE;A2;modal verb;;Details;
along;boĹylab;DIRECTION;A2;preposition;;Details;
by;orqali;DO;A2;preposition;;Details;
during;davomida;THROUGH;A2;preposition;;Details;
except;bundan tashqari;NOT INCLUDING;A2;preposition;;Details;
into;ichida;CHANGE;A2;preposition;;Details;
like;kabi;SIMILAR;A2;preposition;;Details;
minus;minus, kam;;A2;preposition;;Details;
per;har bir;;A2;preposition;;Details;
plus;plus, ortiq;;A2;preposition;;Details;
since;dan beri;;A2;preposition;;Details;
than;dan;WITH MORE/LESS;A2;preposition;;Details;
till;ga, yaqin;;A2;preposition;;Details;
with;bilan;USING;A2;preposition;;Details;
anybody;hech kim;IN QUESTIONS/NEGATIVES;A2;pronoun;;Details;
anyone;hech kim;IN QUESTIONS/NEGATIVES;A2;pronoun;;Details;
everybody;hamma;;A2;pronoun;;Details;
everyone;hamma;;A2;pronoun;;Details;
hers;uning;;A2;pronoun;;Details;
herself;oĹzi;REFLEXIVE;A2;pronoun;;Details;
himself;oĹzi;REFLEXIVE;A2;pronoun;;Details;
his;uning;;A2;pronoun;;Details;
itself;o'zi;REFLEXIVE;A2;pronoun;;Details;
mine;mening;;A2;pronoun;;Details;
myself;oĹz-oĹz;REFLEXIVE;A2;pronoun;;Details;
nobody;hech kim;;A2;pronoun;;Details;
no one;hech kim;;A2;pronoun;;Details;
ours;bizning;;A2;pronoun;;Details;
ourselves;oĹzimiz;REFLEXIVE;A2;pronoun;;Details;
somebody;kimdir;;A2;pronoun;;Details;
someone;kimdir;;A2;pronoun;;Details;
theirs;ularning;;A2;pronoun;;Details;
themselves;oĹzlari;REFLEXIVE;A2;pronoun;;Details;
this;bu;ALREADY MENTIONED;A2;pronoun;;Details;
which;qaysi;CHOICE;A2;pronoun;;Details;
who;kim;REFERRING TO SOMEONE;A2;pronoun;;Details;
you;siz;PEOPLE GENERALLY;A2;pronoun;;Details;
yours;sizning;PERSON/PEOPLE ADDRESSED;A2;pronoun;;Details;
yourself;oĹzingiz;PERSON/PEOPLE ADDRESSED;A2;pronoun;;Details;
No problem.;Hech qisiq!;WILL DO;A2;phrase;communication;Details;
Take care!;OĹz saqlang!;;A2;phrase;communication;Details;
Guess what?;Bilasizmi?;;A2;phrase;communication;Details;
a bit;ozgina;;A2;phrase;describing things;Details;
can't wait;sabrsizlanmoq;;A2;phrase;people: personality;Details;
sb will kill sb;kimdir kimdirni oĹldiradi;;A2;phrase;;Details;
best wishes;barcha tilaklar;;A2;phrase;communication;Details;
Excuse me;Uzr soĹrayman;SAYING SORRY;A2;phrase;communication;Details;
give sb a call/ring;kimnidir chaqirish;;A2;phrase;communication;Details;
would love sth/to do sth;nimadandir hayratda qolmoq;;A2;phrase;communication;Details;
would love to (do sth);qilmoqni xohlash;;A2;phrase;communication;Details;
I mean;bilasizmi?;;A2;phrase;communication;Details;
the back;ortiq;;A2;phrase;describing things;Details;
hot chocolate;issiq shokolad;;A2;phrase;food and drink;Details;
give a party;ziyofat uyushtirish;;A2;phrase;people: actions;Details;
have a talk/meeting/appointment, etc.;suhbat, uchrashuv, tayin qilish, va hokazo;;A2;phrase;people: actions;Details;
make sure;ishonch hosil qiling;;A2;phrase;people: actions;Details;
enjoy yourself;oĹzingizni yaxshi koĹring;;A2;phrase;people: personality;Details;
the Web;Internet;;A2;phrase;technology;Details;
on foot;piyoda;;A2;phrase;travel;Details;
go to the bathroom;hojatxonaga borish;;A2;phrase;;Details;
all kinds of sth;turli xil narsa;;A2;phrase;;Details;
a sheet of paper/glass, etc.;varaq qogĹoz, shisha va hokazo;;A2;phrase;;Details;
the east;sharq;;A2;phrase;;Details;
the north;shimol;;A2;phrase;;Details;
the south;janub;;A2;phrase;;Details;
the west;gĹarb;;A2;phrase;;Details;
have fun/a good time/a problem, etc.;yaxshi vaqt, muammo va hokazo;;A2;phrase;;Details;
be made from/(out) of sth;qilish uchun/mahsulot qilish uchun;;A2;phrase;;Details;
don't need to do sth/needn't do sth;qilmaslik kerak, qilmaslik kerak;;A2;phrase;;Details;
take an exam;imtihon topshirish;;A2;phrase;;Details;
God;Xudo;;A2;phrase;;Details;
How do you do?;Qalay oĹzingiz?;;A2;phrase;communication;Details;
your big brother/sister;katta akangiz/ukangiz;;A2;phrase;relationships;Details;
classical music;klassik musiqa;;A2;phrase;arts and media;Details;
pleased to meet you;siz bilan tanishganimdan xursandman;;A2;phrase;communication;Details;
Really?;Haqiqatanmi?;;A2;phrase;communication;Details;
break your arm/leg, etc.;oyoq/bra bilan qattiq zarba olish;;A2;phrase;body and health;Details;
a broken arm/leg, etc.;siniq oyoq/bra;;A2;phrase;body and health;Details;
a change of clothes;kiyim almashtirish;;A2;phrase;clothes;Details;
call back (sb) or call (sb) back;kimdirni chaqirish yoki chaqirish;;A2;phrasal verb;communication;Details;
How/What about?;nima haqida?;SUGGESTION;A2;phrase;communication;Details;
I'm afraid...;Afsuski...;;A2;phrase;communication;Details;
all the best;eng yaxshisi;;A2;phrase;communication;Details;
that's all right;bu yaxshi;;A2;phrase;communication;Details;
as well as;hamda;;A2;phrase;communication;Details;
of course not;albatta emas;;A2;phrase;communication;Details;
Oh dear!;O'g'riq bor!;;A2;phrase;communication;Details;
details;tafsilotlar;;A2;phrase;communication;Details;
don't you?/do you?/doesn't she?/does she?, etc.;senmi? / qilasanmi? / qilmayapsanmi? / qilmaydimi?;;A2;phrase;communication;Details;
Do you mind ...?;Sizga yoqadimi...?;;A2;phrase;communication;Details;
Help!;Yordam kerak!;;A2;phrase;communication;Details;
How about...?;Nima deysiz...?;;A2;phrase;communication;Details;
if not;agar emas bo'lsa;;A2;phrase;communication;Details;
if you like;agar xohlasangiz;;A2;phrase;communication;Details;
instructions;ko'rsatmalar;;A2;phrase;communication;Details;
let sb know;kimdirga aytib bering;;A2;phrase;communication;Details;
let's;keling;;A2;phrase;communication;Details;
let sb know (sth);kimga bildiring (biror narsa);;A2;phrase;communication;Details;
What is sb/sth like?;kimdir/yana nima kabi?;;A2;phrase;communication;Details;
love/(with) love/all my love/lots of love;sevgi bilan/sevgi bilan/hamma sevgi bilan/ko'p sevgi bilan;;A2;phrase;communication;Details;
I don't mind;Men xafa emasman;;A2;phrase;communication;Details;
never mind;Ehtimol hech bo'lmas;;A2;phrase;communication;Details;
no thanks;rahmat kerak emas;;A2;phrase;communication;Details;
Oh no!;Oh yo'q!;;A2;phrase;communication;Details;
not too;juda ham emas;;A2;phrase;communication;Details;
notes;yozuvlar;;A2;phrase;communication;Details;
a pity;afsus;;A2;phrase;communication;Details;
and so on;va shunga o'xshash;;A2;phrase;communication;Details;
or something (like that);yoki shunga o'xshash bir narsa;;A2;phrase;communication;Details;
such a(n);shunday bir;;A2;phrase;communication;Details;
such as;shunday;;A2;phrase;communication;Details;
I suppose;Men taxmin qilaman;;A2;phrase;communication;Details;
tell sb to do sth;kimga qil demoq;;A2;phrase;communication;Details;
by the way;albatta, shunda;;A2;phrase;communication;Details;
you're welcome;xursand bo'ldim;;A2;phrase;communication;Details;
What about ...?;nima deyasiz...?;;A2;phrase;communication;Details;
why don't you?/ why not do sth?;nima uchun qilmayapsiz? / nima uchun qilmayapsiz?;;A2;phrase;communication;Details;
would love sth;juda xohlayman;;A2;phrase;communication;Details;
at least;eng kamida;;A2;phrase;describing things;Details;
not (too) bad;yomon emas;;A2;phrase;describing things;Details;
a few;bir necha;;A2;phrase;describing things;Details;
in front of sth/sb;oldida;;A2;phrase;describing things;Details;
in front of sb/sth;oldida;;A2;phrase;describing things;Details;
a little bit;ozgina;;A2;phrase;describing things;Details;
too much/so much;juda ko'p;;A2;phrase;describing things;Details;
not bad;yomon emas;;A2;phrase;describing things;Details;
pale blue/green/yellow, etc.;sarg'ish ko'k/yashil/sariq, va boshqalar;;A2;phrase;describing things;Details;
quite a few/a lot;ancha ko'p / juda ko'p;;A2;phrase;describing things;Details;
be born;tug'ilmoq;;A2;phrase;education;Details;
a dance/language/riding, etc. school;raqs / tili / ot o'yini va boshqalar maktabi;;A2;phrase;education;Details;
the dishes;idishlar;;A2;phrase;food and drink;Details;
the country;mamlakat;;A2;phrase;natural world;Details;
the moon;oy;;A2;phrase;natural world;Details;
bring back sth or bring sth back;qaytarib berish;;A2;phrasal verb;people: actions;Details;
come back;qaytib kelish;;A2;phrasal verb;people: actions;Details;
come in;ichkariga kirish;ENTER;A2;phrasal verb;people: actions;Details;
find out (sth) or find (sth) out;bilib olish;;A2;phrasal verb;people: actions;Details;
give back sth or give sth back;qaytarib berish;;A2;phrasal verb;people: actions;Details;
go in;ichiga kirish;;A2;phrasal verb;people: actions;Details;
lie down;yotmoq;;A2;phrasal verb;people: actions;Details;
pick up sb/sth or pick sb/sth up;olish / olib ketmoq;LIFT;A2;phrasal verb;people: actions;Details;
put on sth or put sth on;kiymoq / kiydirmoq;MAKEUP;A2;phrasal verb;people: actions;Details;
go running/swimming, etc.;yugurmoq / suzmoq va boshqalar;;A2;phrase;people: actions;Details;
keep sth in/on, etc.;saqlamoq;;A2;phrase;people: actions;Details;
make sure (that);ishonch hosil qilish;;A2;phrase;people: actions;Details;
grow up;ulg'aymoq;;A2;phrasal verb;people: personality;Details;
a shame;ayb;;A2;phrase;people: personality;Details;
get along;yaxshi o'tmoq;;A2;phrasal verb;relationships;Details;
be crazy about sb/sth;...ga ko'zim tushmoq;;A2;phrase;relationships;Details;
old friend;eski do'st;;A2;phrase;relationships;Details;
for sale;sotuvda;;A2;phrase;shopping;Details;
the net;tarmoqqa;;A2;phrase;technology;Details;
get back;qaytib kelmoq;;A2;phrasal verb;travel;Details;
get off (sth);tushmoq;;A2;phrasal verb;travel;Details;
get on (sth);chiqmoq / o'tmoq;;A2;phrasal verb;travel;Details;
take off;parvoz qilish;FLY;A2;phrasal verb;travel;Details;
spare time;bo'sh vaqt;;A2;phrase;work;Details;
as usual;odatdagidek;;A2;phrase;;Details;
get married;uylanish;;A2;phrase;;Details;
I/you/he, etc. had better do sth;... qilsa yaxshi bo'ladi;;A2;phrase;;Details;
as much/quickly/soon, etc. as possible;... darajada/yetarli/bepul sifatida;;A2;phrase;;Details;
belong to sb;kimdandir bo'lish;;A2;phrasal verb;;Details;
fill in/out sth or fill sth in/out;to'ldirish;;A2;phrasal verb;;Details;
look after sb/sth;...ga g'amxo'rlik qilmoq;;A2;phrasal verb;;Details;
take off sth or take sth off;olib tashlamoq;REMOVE;A2;phrasal verb;;Details;
try on sth or try sth on;sinab ko'rmoq;;A2;phrasal verb;;Details;
turn off sth or turn sth off;o'chirish;;A2;phrasal verb;;Details;
turn on sth or turn sth on;yoqish;;A2;phrasal verb;;Details;
be able to do sth;... qila olish;;A2;phrase;;Details;
all sorts of sth;turli xil...;;A2;phrase;;Details;
all the time;har doim;;A2;phrase;;Details;
all over;butun;;A2;phrase;;Details;
as ... as;...dek;;A2;phrase;;Details;
be bad for sb/sth;zararli bo'lish;;A2;phrase;;Details;
have/has been to;borgan;;A2;phrase;;Details;
become available/rich/a writer, etc.;mavjud/ boy/yozuvchi bo'lish;;A2;phrase;;Details;
these days;bu kunlar;;A2;phrase;;Details;
one day;bir kun;;A2;phrase;;Details;
each other;bir-birini;;A2;phrase;;Details;
first (of all) or first off;avvalo / avval;;A2;phrase;;Details;
follow a street/road/path, etc.;ko'cha / yo'l / yo'l-yo'lakcha bo'yicha yurmoq;;A2;phrase;;Details;
the front;old;MOST IMPORTANT SIDE;A2;phrase;;Details;
the future;kelajak;;A2;phrase;;Details;
be going to do/be sth;qilish uchun / bo'lmoq;;A2;phrase;;Details;
be going to do sth;qilishga niyat qildim;;A2;phrase;;Details;
happy to do sth;qilishdan mamnun;;A2;phrase;;Details;
have (got) to do sth;qilishim kerak;;A2;phrase;;Details;
here you are/here it is, etc.;mana bu;;A2;phrase;;Details;
(by) herself;(o'z) o'zi;;A2;phrase;;Details;
(by) himself;(o'z) o'zi;;A2;phrase;;Details;
look nice/strange, etc.;chiroyli / g'alati, va boshqalar;;A2;phrase;;Details;
the matter;masala;;A2;phrase;;Details;
the middle;o'rtasi;;A2;phrase;;Details;
at the moment;hozirda;;A2;phrase;;Details;
any more;ko'proq;;A2;phrase;;Details;
(the) most attractive/important/popular, etc.;eng jozibador/ahamiyatli/populyar, va boshqalar;;A2;phrase;;Details;
(by) myself;(o'zim);;A2;phrase;;Details;
or not;yoki yo'qligida;;A2;phrase;;Details;
just now;hozir;;A2;phrase;;Details;
on sale;sotuvda;;A2;phrase;;Details;
(by) ourselves;(o'zgalar bilan);;A2;phrase;;Details;
part of sth;bir qismi;;A2;phrase;;Details;
the past;o'tmish;;A2;phrase;;Details;
plan to do sth;niyat qilmoq;;A2;phrase;;Details;
remember to do sth;eslamoq;;A2;phrase;;Details;
the rest;qolgan qismi;;A2;phrase;;Details;
the same;bir xil;;A2;phrase;;Details;
sell for/at sth;narxida sotmoq;;A2;phrase;;Details;
as soon as possible;iloji boricha tezroq;;A2;phrase;;Details;
sound good/interesting/strange, etc.;yaxshi / qiziqarli / g'alati, va boshqalar;;A2;phrase;;Details;
studies;tadqiqotlar;;A2;phrase;;Details;
(by) themselves;(o'zi);;A2;phrase;;Details;
from ... to ...;... dan ... gacha;;A2;phrase;;Details;
up the street/road, etc.;ko'cha bo'ylab;;A2;phrase;;Details;
a variety of sth/sb;turli xil...;;A2;phrase;;Details;
without sb;...siz;;A2;phrase;;Details;
your world;dunyongiz;;A2;phrase;;Details;
be wrong;noto'g'ri;;A2;phrase;;Details;
(by) yourself;(o'z) o'zi;;A2;phrase;;Details;
;;;;;;;
;;;;;;;
;;;;;;;
;;;;;;;
;;;;;;;
;;;;;;;
;;;;;;;
;;;;;;;
;;;;;;;
;;;;;;;
;;;;;;;
;;;;;;;
;;;;;;;
;;;;;;;
;;;;;;;
;;;;;;;
;;;;;;;
;;;;;;;
;;;;;;;
;;;;;;;
;;;;;;;
;;;;;;;
;;;;;;;
;;;;;;;
;;;;;;;
;;;;;;;
;;;;;;;
;;;;;;;
;;;;;;;
;;;;;;;
;;;;;;;
;;;;;;;
;;;;;;;
;;;;;;;
;;;;;;;
;;;;;;;
;;;;;;;
;;;;;;;
;;;;;;;
;;;;;;;
;;;;;;;
;;;;;;;
;;;;;;;
;;;;;;;
;;;;;;;
;;;;;;;
;;;;;;;
;;;;;;;
;;;;;;;
;;;;;;;
;;;;;;;
;;;;;;;
;;;;;;;
;;;;;;;
;;;;;;;
;;;;;;;
;;;;;;;
;;;;;;;
;;;;;;;
;;;;;;;
;;;;;;;
;;;;;;;
;;;;;;;
;;;;;;;
;;;;;;;
;;;;;;;
;;;;;;;
;;;;;;;
;;;;;;;
;;;;;;;
;;;;;;;
;;;;;;;
;;;;;;;
;;;;;;;
;;;;;;;
;;;;;;;
;;;;;;;
;;;;;;;
;;;;;;;
;;;;;;;
;;;;;;;
;;;;;;;
;;;;;;;
;;;;;;;
;;;;;;;
;;;;;;;
;;;;;;;
;;;;;;;
;;;;;;;
;;;;;;;
;;;;;;;
;;;;;;;
;;;;;;;
;;;;;;;
;;;;;;;
;;;;;;;
;;;;;;;
;;;;;;;
;;;;;;;
;;;;;;;
;;;;;;;
;;;;;;;
;;;;;;;
;;;;;;;
;;;;;;;
;;;;;;;
;;;;;;;
;;;;;;;
;;;;;;;
;;;;;;;
;;;;;;;
;;;;;;;
;;;;;;;
;;;;;;;
;;;;;;;
;;;;;;;
;;;;;;;
;;;;;;;
;;;;;;;
;;;;;;;
;;;;;;;
;;;;;;;
;;;;;;;
;;;;;;;
;;;;;;;
;;;;;;;
;;;;;;;
;;;;;;;
;;;;;;;
;;;;;;;
;;;;;;;
;;;;;;;
;;;;;;;
;;;;;;;
;;;;;;;
;;;;;;;
;;;;;;;
;;;;;;;
;;;;;;;
;;;;;;;
;;;;;;;
;;;;;;;
;;;;;;;
;;;;;;;
;;;;;;;
;;;;;;;
;;;;;;;
;;;;;;;
;;;;;;;
;;;;;;;
;;;;;;;
;;;;;;;
;;;;;;;
;;;;;;;
;;;;;;;
;;;;;;;
;;;;;;;
;;;;;;;
;;;;;;;
;;;;;;;
;;;;;;;
;;;;;;;
;;;;;;;
;;;;;;;
;;;;;;;
;;;;;;;
;;;;;;;
;;;;;;;
;;;;;;;
;;;;;;;
;;;;;;;
;;;;;;;
;;;;;;;
;;;;;;;
;;;;;;;
;;;;;;;
;;;;;;;
;;;;;;;
;;;;;;;
;;;;;;;
;;;;;;;
;;;;;;;
;;;;;;;
;;;;;;;
;;;;;;;
;;;;;;;
;;;;;;;
;;;;;;;
;;;;;;;
;;;;;;;
;;;;;;;
;;;;;;;
;;;;;;;
;;;;;;;
;;;;;;;
;;;;;;;
;;;;;;;
;;;;;;;
;;;;;;;
;;;;;;;
;;;;;;;
;;;;;;;
;;;;;;;
;;;;;;;
;;;;;;;
;;;;;;;
;;;;;;;
;;;;;;;
;;;;;;;
;;;;;;;
;;;;;;;
;;;;;;;
;;;;;;;
;;;;;;;
;;;;;;;
;;;;;;;
;;;;;;;
;;;;;;;
;;;;;;;
;;;;;;;
;;;;;;;
;;;;;;;
;;;;;;;
;;;;;;;
;;;;;;;
;;;;;;;
;;;;;;;
;;;;;;;
;;;;;;;
;;;;;;;
;;;;;;;
;;;;;;;
;;;;;;;
;;;;;;;
;;;;;;;
;;;;;;;
;;;;;;;
;;;;;;;
;;;;;;;
;;;;;;;
;;;;;;;
;;;;;;;
;;;;;;;
;;;;;;;
;;;;;;;
;;;;;;;
;;;;;;;
;;;;;;;
;;;;;;;
;;;;;;;
;;;;;;;
;;;;;;;
;;;;;;;
;;;;;;;
;;;;;;;
;;;;;;;
;;;;;;;
;;;;;;;
;;;;;;;
;;;;;;;
;;;;;;;
;;;;;;;
;;;;;;;
;;;;;;;
;;;;;;;
;;;;;;;
;;;;;;;
;;;;;;;
;;;;;;;
;;;;;;;
;;;;;;;
;;;;;;;
;;;;;;;
;;;;;;;
;;;;;;;
;;;;;;;
;;;;;;;
;;;;;;;
;;;;;;;
;;;;;;;
;;;;;;;
;;;;;;;
;;;;;;;
;;;;;;;
;;;;;;;
;;;;;;;
;;;;;;;
;;;;;;;
;;;;;;;
;;;;;;;
;;;;;;;
;;;;;;;
;;;;;;;
;;;;;;;
;;;;;;;
;;;;;;;
;;;;;;;
;;;;;;;
;;;;;;;
;;;;;;;
;;;;;;;
;;;;;;;
;;;;;;;
;;;;;;;
;;;;;;;
;;;;;;;
;;;;;;;
;;;;;;;
;;;;;;;
;;;;;;;
